model,scaling,feature_selection,balancing,min_across_tasks,max_across_tasks,mean_across_tasks,std_across_tasks,range,n_tasks
XGBoost,standard,random_forest,none,0.8817489177489177,0.999616858237548,0.9477419100205501,0.04639790939182175,0.11786794048863025,6
XGBoost,none,random_forest,none,0.8817489177489177,0.9992348111658456,0.9476782355085996,0.046326882521153114,0.11748589341692783,6
XGBoost,robust,random_forest,none,0.8817489177489177,0.9992348111658456,0.9476782355085996,0.046326882521153114,0.11748589341692783,6
XGBoost,log,random_forest,none,0.8804502164502164,0.9992348111658456,0.9474617852921495,0.04663641418257546,0.11878459471562919,6
LightGBM,none,f_classif,smote,0.879392911010558,0.9996190476190476,0.9455888555178835,0.04970275940394923,0.12022613660848958,6
XGBoost,standard,random_forest,smote,0.8793766233766235,1.0,0.9488245000239884,0.047567257911349886,0.12062337662337652,6
XGBoost,robust,random_forest,smote,0.8793593073593075,0.999808429118774,0.9467785799230151,0.04843934360986578,0.12044912175946654,6
XGBoost,standard,mutual_info,none,0.8784588744588746,0.999616858237548,0.9477563639525232,0.04667403751293153,0.12115798377867337,6
XGBoost,none,random_forest,smote,0.8771082251082252,0.999808429118774,0.9482756328132904,0.047053894957559184,0.12270020401054882,6
XGBoost,log,random_forest,smote,0.8771082251082252,1.0,0.9496953046953047,0.04527167521044189,0.12289177489177483,6
XGBoost,log,mutual_info,none,0.8768658008658008,0.999425287356322,0.9465492697741351,0.049121589582728026,0.12255948649052117,6
LightGBM,robust,f_classif,smote,0.8768658008658008,0.999809523809524,0.9460968520680798,0.05245025701926042,0.12294372294372324,6
XGBoost,robust,none,none,0.8768138528138529,0.9992348111658456,0.9461955071684546,0.04710336489522041,0.12242095835199263,6
XGBoost,standard,none,none,0.8768138528138529,0.9994263820470716,0.9462274356486589,0.04713935733892634,0.12261252923321864,6
XGBoost,none,none,none,0.8768138528138529,0.9992348111658456,0.9461955071684546,0.04710336489522041,0.12242095835199263,6
LightGBM,standard,mutual_info,smote,0.8767792207792209,1.0,0.94540959991983,0.04998339403828661,0.12322077922077912,6
XGBoost,log,none,none,0.8756017316017317,0.9992348111658456,0.9459934869664343,0.04740215223933223,0.12363307956411385,6
LightGBM,none,mutual_info,undersample,0.8740573152337859,0.9854145854145854,0.9345082431758859,0.03871343146970222,0.11135727018079944,6
XGBoost,none,mutual_info,none,0.8740086580086579,0.9994263820470716,0.9452405051310376,0.04995919680239797,0.12541772403841367,6
XGBoost,robust,f_classif,smote,0.8738008658008658,1.0,0.9507101323655033,0.05215738861957854,0.1261991341991342,6
XGBoost,none,mutual_info,undersample,0.8735064935064936,0.992107892107892,0.9442257409149728,0.04626348001748871,0.1186013986013984,6
XGBoost,standard,f_classif,smote,0.8734891774891775,1.0,0.9485770417420034,0.05467045631998179,0.12651082251082246,6
XGBoost,log,mutual_info,smote,0.8734891774891775,0.999809523809524,0.9440153708184399,0.05060964317048939,0.1263203463203465,6
LightGBM,standard,differential,undersample,0.8734539969834089,0.9895104895104896,0.9387740046847286,0.0461403165744732,0.11605649252708072,6
XGBoost,none,f_classif,smote,0.8734372294372296,1.0,0.9480343267337491,0.05516772133126157,0.12656277056277043,6
XGBoost,log,f_classif,undersample,0.8730580693815989,1.0,0.9471213228408616,0.051657282686402455,0.1269419306184011,6
LightGBM,log,mutual_info,smote,0.8728506787330316,0.9994263820470716,0.9451715683133797,0.04852654968464894,0.12657570331404,6
XGBoost,log,f_classif,smote,0.8725194805194805,1.0,0.9519408210635171,0.05100277407697316,0.12748051948051953,6
XGBoost,robust,f_classif,undersample,0.8720865800865802,1.0,0.9462063600348722,0.0550787224174602,0.12791341991341976,6
XGBoost,none,f_classif,undersample,0.8720865800865802,1.0,0.9462063600348722,0.0550787224174602,0.12791341991341976,6
XGBoost,standard,f_classif,undersample,0.8720865800865802,1.0,0.9462063600348722,0.0550787224174602,0.12791341991341976,6
XGBoost,none,f_classif,none,0.8714805194805196,1.0,0.9486494894198837,0.05512261591324578,0.12851948051948037,6
XGBoost,robust,f_classif,none,0.8714805194805196,1.0,0.9486494894198837,0.05512261591324578,0.12851948051948037,6
XGBoost,standard,f_classif,none,0.8714805194805196,1.0,0.9486494894198837,0.05512261591324578,0.12851948051948037,6
LightGBM,standard,f_classif,smote,0.8711168831168831,0.999808429118774,0.9435628473038298,0.053202819766192705,0.12869154600189092,6
LightGBM,none,differential,undersample,0.8711161387631975,0.9882117882117882,0.9330325180171727,0.04392316318503292,0.11709564944859074,6
LightGBM,log,differential,undersample,0.8711161387631975,0.9882117882117882,0.936169226719099,0.04286854490537315,0.11709564944859074,6
LightGBM,robust,mutual_info,none,0.8702683982683983,0.9990443349753694,0.948518899533407,0.04996603567253173,0.12877593670697107,6
LightGBM,log,random_forest,smote,0.869974025974026,0.999809523809524,0.9439361661356548,0.05127528173184546,0.12983549783549808,6
XGBoost,none,variance,none,0.8696277056277056,0.999808429118774,0.9495361690233152,0.05069809334434955,0.13018072349106835,6
XGBoost,log,differential,none,0.8695238095238096,0.9992337164750958,0.9439707696501726,0.052907262584350544,0.12970990695128626,6
XGBoost,standard,differential,none,0.8695238095238096,0.9992337164750958,0.9439734046962859,0.052907420476184776,0.12970990695128626,6
XGBoost,robust,differential,none,0.8695238095238096,0.9992337164750958,0.9439734046962859,0.052907420476184776,0.12970990695128626,6
XGBoost,none,differential,none,0.8695238095238096,0.9992337164750958,0.9439734046962859,0.052907420476184776,0.12970990695128626,6
LightGBM,robust,f_classif,none,0.8689856711915536,0.9996179529282978,0.9451601905686923,0.055571620255123425,0.13063228173674424,6
XGBoost,none,variance,undersample,0.8685331825037708,0.996003996003996,0.9420999165492375,0.05211016458929529,0.12747081350022527,6
LightGBM,standard,random_forest,smote,0.8681561085972851,0.9996190476190476,0.9426491268748302,0.05323920539670952,0.13146293902176254,6
XGBoost,log,differential,undersample,0.8676659125188536,0.9934065934065934,0.9406258055987969,0.052351986800180855,0.12574068088773982,6
LightGBM,log,f_classif,smote,0.8673419913419913,0.9996179529282978,0.9424207798657265,0.053717655669297044,0.1322759615863065,6
XGBoost,none,none,smote,0.8672034632034633,0.999616858237548,0.9469439657795112,0.04776821159632304,0.13241339503408467,6
XGBoost,standard,mutual_info,smote,0.8670129870129871,1.0,0.9477426155117971,0.04800950293595287,0.13298701298701288,6
LightGBM,robust,random_forest,undersample,0.8670060331825038,0.992107892107892,0.9393156964810904,0.04226232383109015,0.12510185892538817,6
XGBoost,standard,differential,smote,0.8667012987012989,1.0,0.941981189384642,0.0544156390926196,0.13329870129870114,6
XGBoost,log,random_forest,undersample,0.8665800865800867,0.992207792207792,0.941698267600609,0.05015356694993232,0.1256277056277053,6
XGBoost,standard,random_forest,undersample,0.8665800865800867,0.992207792207792,0.9415776326799742,0.05003704315555281,0.1256277056277053,6
XGBoost,none,random_forest,undersample,0.8665800865800867,0.992207792207792,0.941698267600609,0.05015356694993232,0.1256277056277053,6
XGBoost,robust,random_forest,undersample,0.8665800865800867,0.992207792207792,0.941698267600609,0.05015356694993232,0.1256277056277053,6
LightGBM,none,none,undersample,0.8659313725490195,0.9875,0.9383373490089558,0.04656946945644119,0.12156862745098052,6
LightGBM,log,none,undersample,0.8659313725490195,0.9882117882117882,0.9376778901103665,0.04743835544388919,0.1222804156627687,6
XGBoost,none,differential,undersample,0.8647792207792208,0.9908091908091908,0.938677753650745,0.05361002129168168,0.12602997002997007,6
XGBoost,robust,differential,undersample,0.8647792207792208,0.9908091908091908,0.938677753650745,0.05361002129168168,0.12602997002997007,6
XGBoost,standard,differential,undersample,0.8647792207792208,0.9908091908091908,0.938677753650745,0.05361002129168168,0.12602997002997007,6
LightGBM,standard,none,undersample,0.8643099547511313,0.9882117882117882,0.933618674112256,0.043571545691797504,0.12390183346065697,6
LightGBM,none,variance,smote,0.8640000000000001,0.9994274767378216,0.9479710221071452,0.05492554552883618,0.13542747673782152,6
XGBoost,robust,mutual_info,none,0.8634805194805194,0.9994263820470716,0.9461171192813093,0.05068202323116896,0.13594586256655217,6
LightGBM,log,f_classif,none,0.8630090497737557,0.999425287356322,0.9394309753802653,0.057175775441600435,0.13641623758256627,6
LightGBM,log,random_forest,undersample,0.8629524886877828,0.9908091908091908,0.9382706057777624,0.048273098464808296,0.12785670212140798,6
LightGBM,none,random_forest,undersample,0.8629524886877828,0.9868131868131867,0.9393722818794384,0.043806117814103235,0.1238606981254039,6
LightGBM,standard,mutual_info,undersample,0.8628016591251886,0.977022977022977,0.9399717452930831,0.04197840260475752,0.11422131789778844,6
LightGBM,standard,mutual_info,none,0.8627012987012985,0.999616858237548,0.9390815338096624,0.05711650802879963,0.13691555953624945,6
LightGBM,none,random_forest,smote,0.8618528138528138,0.999808429118774,0.9430826167500698,0.053046470667831476,0.13795561526596023,6
LightGBM,log,mutual_info,undersample,0.8617835595776773,0.9882117882117882,0.9348533989152871,0.05016746333304019,0.12642822863411096,6
LightGBM,robust,mutual_info,smote,0.8616623376623377,1.0,0.9436561834017078,0.056172033086102954,0.13833766233766231,6
XGBoost,log,none,smote,0.8612467532467531,1.0,0.9460401760075673,0.04949572028449169,0.13875324675324685,6
XGBoost,robust,mutual_info,smote,0.8608138528138529,1.0,0.9431126329623772,0.05299877884677924,0.13918614718614708,6
LightGBM,robust,none,undersample,0.8602941176470587,0.9907092907092906,0.9319221389658573,0.043459037196170766,0.13041517306223194,6
XGBoost,log,mutual_info,undersample,0.8592034632034633,0.9934065934065934,0.9416422546894855,0.05077812417159575,0.13420313020313013,6
XGBoost,log,f_classif,none,0.8583549783549783,1.0,0.9486875366649596,0.055145954605743966,0.14164502164502168,6
XGBoost,robust,mutual_info,undersample,0.8582683982683982,0.992207792207792,0.9425063002107494,0.050400875511671564,0.1339393939393938,6
LightGBM,robust,random_forest,none,0.8582579185520363,0.9992348111658456,0.9370303533396179,0.05713262484628868,0.1409768926138093,6
XGBoost,none,mutual_info,smote,0.8580779220779222,1.0,0.9419197154791784,0.053728645729203224,0.14192207792207778,6
XGBoost,robust,differential,smote,0.8575411255411256,1.0,0.9411865006973702,0.05721209291577482,0.1424588744588744,6
LightGBM,standard,none,smote,0.857108225108225,0.999616858237548,0.9384492992851644,0.05418159000426113,0.14250863312932294,6
LightGBM,none,mutual_info,none,0.8561212121212123,0.999616858237548,0.9349983449042228,0.055295980548837935,0.1434956461163357,6
XGBoost,log,none,undersample,0.8559826839826841,0.9934065934065934,0.9314250542597597,0.05578093719207095,0.13742390942390936,6
LightGBM,robust,none,smote,0.8559826839826841,1.0,0.9341836592293752,0.05538038239473713,0.14401731601731593,6
LightGBM,none,mutual_info,smote,0.8559653679653678,0.999616858237548,0.9357769984047434,0.05401750669847697,0.14365149027218016,6
LightGBM,standard,f_classif,none,0.8559200603318251,0.9996179529282978,0.9387705532097453,0.05752723193720527,0.1436978925964727,6
XGBoost,standard,none,smote,0.8558787878787877,1.0,0.9459443671560038,0.05142570635764097,0.14412121212121232,6
XGBoost,robust,none,smote,0.8555670995670995,0.999808429118774,0.9422095876762735,0.05396673269167072,0.14424132955167446,6
LightGBM,none,f_classif,none,0.8553766233766235,0.999808429118774,0.9403302706307161,0.056624412975070246,0.14443180574215053,6
LightGBM,robust,mutual_info,undersample,0.855184766214178,0.992107892107892,0.9384352651051345,0.05096171742353096,0.13692312589371392,6
LightGBM,standard,random_forest,undersample,0.8549773755656108,0.9896103896103896,0.9363264828210237,0.04962135214456645,0.1346330140447788,6
LightGBM,robust,none,none,0.8545281385281387,0.9990432402846195,0.9355289674554932,0.05158083377019196,0.14451510175648086,6
XGBoost,none,variance,smote,0.8543376623376624,0.9996179529282978,0.9442300495957122,0.05195757445335039,0.1452802905906354,6
LightGBM,log,f_classif,undersample,0.854128959276018,0.9935064935064934,0.9381894993971676,0.050397546345758645,0.1393775342304755,6
XGBoost,standard,mutual_info,undersample,0.8537835497835499,0.992207792207792,0.9416948835654453,0.05088149136447769,0.13842424242424212,6
RandomForest,standard,differential,undersample,0.8534372294372294,1.0,0.9411272027205531,0.06083520123268906,0.14656277056277056,6
RandomForest,robust,differential,undersample,0.8534372294372294,1.0,0.9411272027205531,0.06083520123268906,0.14656277056277056,6
RandomForest,none,differential,undersample,0.8534372294372294,1.0,0.9411272027205531,0.06083520123268906,0.14656277056277056,6
XGBoost,none,differential,smote,0.8532640692640692,1.0,0.9405474587929831,0.05715119086536521,0.14673593073593083,6
RandomForest,standard,differential,none,0.8532467532467534,1.0,0.9440315467425443,0.059285048755540304,0.14675324675324664,6
RandomForest,robust,differential,none,0.8532467532467534,1.0,0.9440315467425443,0.059285048755540304,0.14675324675324664,6
RandomForest,none,differential,none,0.8532467532467534,1.0,0.9440315467425443,0.059285048755540304,0.14675324675324664,6
RandomForest,log,differential,none,0.8532467532467534,1.0,0.9436197100001449,0.05971615293572257,0.14675324675324664,6
XGBoost,log,differential,smote,0.8524848484848484,0.999809523809524,0.9397856666635439,0.05801351849807417,0.14732467532467564,6
XGBoost,robust,none,undersample,0.8523463203463203,0.9934065934065934,0.934004380127129,0.0584154977078897,0.14106027306027313,6
XGBoost,standard,none,undersample,0.8523463203463203,0.9934065934065934,0.934004380127129,0.0584154977078897,0.14106027306027313,6
XGBoost,none,none,undersample,0.8523463203463203,0.9934065934065934,0.934004380127129,0.0584154977078897,0.14106027306027313,6
RandomForest,log,differential,undersample,0.8521385281385282,1.0,0.9414421778136611,0.06067240833902805,0.1478614718614718,6
LightGBM,standard,differential,smote,0.8521385281385282,0.999809523809524,0.9394230906916329,0.058856374701670294,0.14767099567099584,6
LightGBM,none,variance,undersample,0.8520927601809956,0.9973026973026972,0.9428327369894217,0.04927859865983526,0.1452099371217016,6
LightGBM,none,random_forest,none,0.8519480519480519,0.999425287356322,0.9377147052196219,0.06189171109999953,0.14747723540827007,6
LightGBM,robust,random_forest,smote,0.8516363636363637,1.0,0.9378515392677799,0.056730090327146425,0.14836363636363625,6
RandomForest,robust,random_forest,undersample,0.851168831168831,1.0,0.9416854230239778,0.061695755771654294,0.14883116883116898,6
RandomForest,standard,random_forest,undersample,0.851168831168831,1.0,0.9416854230239778,0.061695755771654294,0.14883116883116898,6
RandomForest,none,random_forest,undersample,0.851168831168831,1.0,0.9416854230239778,0.061695755771654294,0.14883116883116898,6
LightGBM,standard,variance,undersample,0.8499811463046758,0.9882117882117882,0.9296746760870934,0.05678306325095503,0.13823064190711243,6
LightGBM,none,f_classif,undersample,0.8498868778280542,0.9882117882117882,0.935497164081113,0.051653249064458485,0.13832491038373407,6
RandomForest,log,random_forest,undersample,0.8498701298701297,1.0,0.9418656053735975,0.0615817336851596,0.15012987012987034,6
LightGBM,log,none,smote,0.8497835497835498,0.9994263820470716,0.9371918437540515,0.0546530876228313,0.14964283226352182,6
LightGBM,log,differential,smote,0.8493506493506494,1.0,0.932479077117824,0.059726450754287924,0.1506493506493506,6
LightGBM,robust,differential,undersample,0.8492081447963802,0.992207792207792,0.9381104220535387,0.052509203323052416,0.1429996474114118,6
LightGBM,log,mutual_info,none,0.8488499245852188,0.999616858237548,0.9369745356643011,0.060421413055061365,0.15076693365232918,6
RandomForest,log,mutual_info,undersample,0.84791341991342,1.0,0.9408308435161995,0.06197687146589618,0.15208658008658005,6
LightGBM,none,variance,none,0.8478614718614719,0.999616858237548,0.9468160868383331,0.058053708117912876,0.1517553863760761,6
RandomForest,none,variance,undersample,0.8466839826839827,1.0,0.9422859729632549,0.06179374187933655,0.1533160173160173,6
LightGBM,log,random_forest,none,0.8465974025974028,0.999616858237548,0.9364446699630798,0.06309321507485585,0.15301945564014519,6
XGBoost,standard,variance,undersample,0.8464415584415586,0.9934065934065934,0.9319275780813437,0.06175774761019166,0.14696503496503488,6
RandomForest,none,f_classif,none,0.8462337662337662,1.0,0.939721981201521,0.0629780579292849,0.15376623376623377,6
RandomForest,robust,f_classif,none,0.8462337662337662,1.0,0.939721981201521,0.0629780579292849,0.15376623376623377,6
RandomForest,robust,mutual_info,none,0.8459567099567099,1.0,0.9418157737403261,0.06102656576405513,0.1540432900432901,6
LightGBM,robust,f_classif,undersample,0.8458521870286576,0.992207792207792,0.9404527729506253,0.054152019841272686,0.14635560517913437,6
RandomForest,robust,random_forest,none,0.8452294372294371,1.0,0.9430469002642253,0.0596625769816596,0.1547705627705629,6
RandomForest,standard,random_forest,none,0.8452294372294371,1.0,0.9430788287444297,0.059692987929341405,0.1547705627705629,6
RandomForest,none,random_forest,none,0.8452294372294371,1.0,0.9430788287444297,0.059692987929341405,0.1547705627705629,6
LightGBM,none,differential,smote,0.8451428571428572,0.999809523809524,0.9337698491477265,0.06300581561561383,0.15466666666666684,6
LightGBM,log,differential,none,0.8447398190045249,0.999616858237548,0.931419607784565,0.06275676750043152,0.1548770392330231,6
LightGBM,none,differential,none,0.8447398190045249,0.999616858237548,0.9317440007828711,0.06216741317395076,0.1548770392330231,6
LightGBM,standard,f_classif,undersample,0.8446644042232277,0.9883116883116884,0.93495345949987,0.05370656008281229,0.14364728408846061,6
LightGBM,standard,random_forest,none,0.8445887445887446,0.999616858237548,0.9367075170194051,0.062043403425316015,0.15502811364880342,6
LightGBM,standard,differential,none,0.8445541125541126,0.999616858237548,0.9343662495911812,0.06510126967429562,0.15506274568343537,6
LightGBM,robust,differential,none,0.8436651583710407,0.9992348111658456,0.9385803459727305,0.06438083328959425,0.15556965279480484,6
RandomForest,log,f_classif,none,0.8435064935064934,1.0,0.9411383524120097,0.062151900980057635,0.15649350649350657,6
RandomForest,standard,mutual_info,undersample,0.8426147186147187,1.0,0.9440952234244412,0.059795911045832706,0.1573852813852813,6
RandomForest,standard,f_classif,undersample,0.8421818181818181,1.0,0.9398906555933411,0.06259460760302478,0.15781818181818186,6
RandomForest,log,none,undersample,0.8417748917748918,1.0,0.9404675416583985,0.060806574722462335,0.15822510822510816,6
RandomForest,standard,f_classif,none,0.8416709956709957,1.0,0.9392287570343837,0.06412004916718725,0.15832900432900432,6
RandomForest,robust,mutual_info,undersample,0.8415064935064935,1.0,0.9426483928577588,0.05985200115749112,0.15849350649350646,6
XGBoost,standard,variance,none,0.8414025974025975,1.0,0.9376975317947185,0.06127566720804291,0.15859740259740251,6
RandomForest,log,random_forest,smote,0.8405367965367965,1.0,0.941704076897811,0.06110336145226183,0.15946320346320353,6
RandomForest,log,mutual_info,none,0.8404675324675324,1.0,0.9407056139370717,0.062320524963358666,0.15953246753246764,6
RandomForest,none,mutual_info,smote,0.8398268398268399,1.0,0.9415015173445481,0.06129898205456198,0.16017316017316008,6
RandomForest,none,mutual_info,none,0.8397056277056277,1.0,0.9394711779766127,0.06520071992109099,0.16029437229437227,6
LightGBM,none,none,smote,0.8389610389610389,0.999808429118774,0.9398855462729482,0.06086050723969079,0.16084739015773508,6
RandomForest,log,random_forest,none,0.8385627705627705,1.0,0.9413921086018272,0.061681866358629704,0.1614372294372295,6
RandomForest,none,differential,smote,0.8381125541125541,1.0,0.9414002701617791,0.061706671394923626,0.16188744588744586,6
RandomForest,none,mutual_info,undersample,0.8379047619047618,1.0,0.9423060251058972,0.06138482222453432,0.16209523809523818,6
RandomForest,standard,mutual_info,none,0.8377662337662336,1.0,0.9402866278365,0.06428323591863869,0.1622337662337664,6
LightGBM,log,none,none,0.8372640692640692,0.9992337164750958,0.9359552213664016,0.05917238728318088,0.1619696472110267,6
RandomForest,robust,mutual_info,smote,0.8369350649350649,1.0,0.9402687541216953,0.06318649597075833,0.16306493506493513,6
RandomForest,standard,variance,smote,0.836848484848485,1.0,0.9434143511920984,0.05964708685120515,0.16315151515151505,6
LightGBM,robust,differential,smote,0.8368024132730015,0.999808429118774,0.9372455027416003,0.06582164860008437,0.16300601584577246,6
RandomForest,log,mutual_info,smote,0.8362597402597401,1.0,0.9415915078811498,0.061710387720194076,0.16374025974025985,6
RandomForest,standard,variance,none,0.8362597402597401,1.0,0.9417354308299939,0.06109478459021404,0.16374025974025985,6
RandomForest,none,random_forest,smote,0.8358095238095238,1.0,0.9418494252266632,0.061598796777422006,0.16419047619047622,6
RandomForest,none,f_classif,smote,0.8347012987012986,1.0,0.9377039182400435,0.06666930780628673,0.1652987012987014,6
LightGBM,standard,none,none,0.8340432900432901,0.9990432402846195,0.9309677865931613,0.06321446655502004,0.1649999502413294,6
RandomForest,standard,none,undersample,0.8333160173160173,1.0,0.9394755197913766,0.06320852512747602,0.16668398268398266,6
RandomForest,none,none,undersample,0.8333160173160173,1.0,0.9394755197913766,0.06320852512747602,0.16668398268398266,6
RandomForest,robust,none,undersample,0.8333160173160173,1.0,0.9394755197913766,0.06320852512747602,0.16668398268398266,6
RandomForest,none,variance,none,0.8326233766233766,1.0,0.9403658795231024,0.06526010894805696,0.1673766233766234,6
RandomForest,robust,f_classif,smote,0.8324848484848484,1.0,0.9381734131171471,0.06759226888596283,0.16751515151515162,6
RandomForest,standard,random_forest,smote,0.8313073593073593,1.0,0.9410979932258705,0.0634595295906449,0.16869264069264067,6
RandomForest,robust,random_forest,smote,0.8311341991341991,1.0,0.944212433843508,0.061707339942784364,0.16886580086580094,6
XGBoost,robust,variance,none,0.8310897435897436,1.0,0.9398564780629998,0.06747800838458473,0.16891025641025637,6
RandomForest,standard,mutual_info,smote,0.8309610389610389,1.0,0.9418617335704932,0.06315133231957656,0.1690389610389611,6
RandomForest,none,variance,smote,0.8308225108225107,1.0,0.9399180847773537,0.06586665901347424,0.16917748917748932,6
RandomForest,none,f_classif,undersample,0.8306666666666667,1.0,0.9384493022606835,0.06601505434106712,0.16933333333333334,6
RandomForest,robust,f_classif,undersample,0.8306666666666667,1.0,0.9384493022606835,0.06601505434106712,0.16933333333333334,6
RandomForest,standard,f_classif,smote,0.8301471861471862,1.0,0.9388562381423635,0.06565415908340692,0.1698528138528138,6
RandomForest,log,f_classif,undersample,0.830025974025974,1.0,0.9387922943070003,0.06575512939002956,0.169974025974026,6
RandomForest,standard,differential,smote,0.8281038961038961,1.0,0.9384962419649122,0.06639629264582164,0.17189610389610388,6
RandomForest,log,differential,smote,0.8278441558441558,1.0,0.9376844318653781,0.06684946710887342,0.17215584415584417,6
RandomForest,log,f_classif,smote,0.8251341991341992,1.0,0.9381160745335938,0.06730567851971178,0.17486580086580084,6
RandomForest,robust,variance,none,0.824528657616893,1.0,0.9308315082331706,0.07537524381559851,0.17547134238310702,6
XGBoost,standard,variance,smote,0.8237229437229437,0.999808429118774,0.9331089496811341,0.06415805122524326,0.17608548539583024,6
XGBoost,robust,variance,smote,0.8231334841628959,1.0,0.9383316770612168,0.07108006134003816,0.1768665158371041,6
LightGBM,none,none,none,0.8229610389610391,0.9992348111658456,0.9387127796090006,0.06579449611763642,0.17627377220480644,6
XGBoost,log,variance,none,0.8216628959276019,0.9988516694033936,0.9352972860782852,0.06631981447777786,0.17718877347579176,6
LightGBM,standard,variance,none,0.8216450216450216,0.999616858237548,0.9342873688952928,0.06547747504619586,0.17797183659252636,6
RandomForest,robust,differential,smote,0.8204935064935064,1.0,0.9357018446884177,0.07101955200181591,0.17950649350649361,6
RandomForest,standard,variance,undersample,0.8196709956709956,1.0,0.9350908994937085,0.06849376543302316,0.18032900432900445,6
XGBoost,log,variance,smote,0.8192496229260936,1.0,0.9331021592076579,0.06691835277868483,0.1807503770739064,6
RandomForest,log,variance,smote,0.8189102564102564,1.0,0.9307345951150299,0.07749125197146976,0.1810897435897436,6
LightGBM,log,variance,none,0.817420814479638,1.0,0.936721595398066,0.07529316723223517,0.182579185520362,6
RandomForest,robust,variance,smote,0.8165158371040724,1.0,0.9297852527755958,0.0771639640878838,0.18348416289592762,6
RandomForest,robust,none,smote,0.8140086580086582,1.0,0.9354008920888718,0.06871000564875901,0.18599134199134182,6
RandomForest,log,variance,none,0.8114630467571644,1.0,0.9293258315994889,0.0794529630653573,0.1885369532428356,6
RandomForest,robust,variance,undersample,0.8109822775263952,1.0,0.9269607235621544,0.07943522983534804,0.18901772247360482,6
LightGBM,standard,variance,smote,0.8104415584415585,0.9994285714285714,0.928761607105597,0.07154099534958101,0.18898701298701293,6
LightGBM,log,variance,smote,0.8094834087481144,1.0,0.9378795647580151,0.07513536320801921,0.19051659125188558,6
RandomForest,log,variance,undersample,0.8088989441930619,1.0,0.9323187637880732,0.07640901685152982,0.19110105580693815,6
LightGBM,log,variance,undersample,0.808314479638009,1.0,0.9380164374935475,0.06708885891422903,0.19168552036199105,6
LightGBM,robust,variance,smote,0.8052601809954749,0.999809523809524,0.9340898206652682,0.07171343573242435,0.19454934281404912,6
RandomForest,none,none,none,0.8038268398268398,1.0,0.9313785625428848,0.07491640910439472,0.19617316017316022,6
RandomForest,robust,none,none,0.8038268398268398,1.0,0.9313785625428848,0.07491640910439472,0.19617316017316022,6
RandomForest,standard,none,none,0.8038268398268398,1.0,0.9313785625428848,0.07491640910439472,0.19617316017316022,6
RandomForest,log,none,none,0.8025281385281385,1.0,0.9319770502302472,0.07453189237521503,0.19747186147186147,6
XGBoost,log,variance,undersample,0.7972473604826545,0.996003996003996,0.9287024199877626,0.07325852212126623,0.19875663552134148,6
RandomForest,standard,none,smote,0.7971688311688311,1.0,0.9328722684675371,0.0747204739420267,0.20283116883116892,6
RandomForest,log,none,smote,0.7926580086580086,1.0,0.928981521320396,0.0782674580153684,0.20734199134199138,6
XGBoost,robust,variance,undersample,0.7915723981900452,1.0,0.933100209730887,0.07653507413761972,0.2084276018099548,6
RandomForest,none,none,smote,0.7912380952380953,1.0,0.9324199725750238,0.07635588884797638,0.2087619047619047,6
MLP,standard,f_classif,none,0.7896277056277057,1.0,0.9110692053860764,0.0748593533271037,0.21037229437229432,6
MLP,standard,random_forest,smote,0.7873939393939394,1.0,0.91922774111188,0.07357221726233132,0.21260606060606058,6
LightGBM,robust,variance,none,0.7868589743589745,0.9992380952380951,0.929401984488941,0.07957878125225507,0.2123791208791207,6
LightGBM,robust,variance,undersample,0.7723793363499245,0.992107892107892,0.9262059455471704,0.07614897420576257,0.21972855575796746,6
MLP,standard,random_forest,none,0.7719134199134199,1.0,0.909098508401379,0.08266383630597897,0.22808658008658012,6
LogisticRegression,robust,mutual_info,smote,0.7707186147186147,1.0,0.9015118878705835,0.08180391507271945,0.2292813852813853,6
LogisticRegression,standard,differential,smote,0.7691601731601732,1.0,0.8880020424304312,0.08509485335863419,0.23083982683982684,6
MLP,standard,random_forest,undersample,0.764952380952381,1.0,0.9087478467016125,0.08280249842495194,0.23504761904761895,6
LogisticRegression,standard,differential,none,0.7582510822510822,1.0,0.8874338280361297,0.08690078953014993,0.24174891774891782,6
MLP,standard,differential,undersample,0.7475757575757577,1.0,0.8930958072679918,0.09118796136880811,0.25242424242424233,6
MLP,standard,f_classif,undersample,0.7467359307359308,1.0,0.8938536919502614,0.08891750395140693,0.2532640692640692,6
LogisticRegression,standard,random_forest,undersample,0.7451601731601732,1.0,0.8871523120092615,0.08830404619322893,0.25483982683982676,6
MLP,standard,f_classif,smote,0.7430303030303032,1.0,0.8976586181250393,0.08925395989224477,0.25696969696969685,6
LogisticRegression,standard,random_forest,smote,0.7424935064935065,1.0,0.8874152517905053,0.09072804869316693,0.25750649350649346,6
LogisticRegression,standard,f_classif,smote,0.7401385281385281,1.0,0.8861322407345424,0.09064249215533,0.2598614718614719,6
MLP,robust,none,undersample,0.7397229437229437,1.0,0.8997127121465027,0.08883451088552541,0.26027705627705633,6
LogisticRegression,standard,mutual_info,smote,0.7393246753246754,1.0,0.8862784622311476,0.09126727329764597,0.2606753246753246,6
MLP,standard,differential,none,0.7344761904761905,1.0,0.900084839348068,0.09222071776837776,0.2655238095238095,6
LogisticRegression,standard,none,none,0.7323809523809524,1.0,0.8715704957162759,0.09779284200943332,0.26761904761904765,6
LogisticRegression,standard,differential,undersample,0.7312727272727273,1.0,0.8801511755551971,0.09354631017768791,0.2687272727272727,6
LogisticRegression,standard,f_classif,none,0.7292294372294373,1.0,0.8853824669221089,0.09339438179192916,0.27077056277056266,6
LogisticRegression,robust,random_forest,smote,0.7276190476190475,1.0,0.8919479156819309,0.09604589000088998,0.2723809523809525,6
LogisticRegression,robust,random_forest,none,0.7254025974025975,1.0,0.8925595539016257,0.09633667655405742,0.2745974025974025,6
LogisticRegression,robust,mutual_info,none,0.7253679653679653,1.0,0.8965648180322093,0.09429770243942211,0.27463203463203467,6
LogisticRegression,standard,random_forest,none,0.7232900432900433,1.0,0.8863179658709689,0.09492560685171626,0.2767099567099567,6
MLP,standard,none,smote,0.7231861471861472,0.9875,0.8748490725083679,0.09476869531469882,0.2643138528138529,6
LogisticRegression,standard,variance,none,0.7224761904761905,1.0,0.8806384552361535,0.09615750425839652,0.2775238095238095,6
LogisticRegression,robust,random_forest,undersample,0.7224588744588745,1.0,0.8920719602346155,0.09549496478842982,0.27754112554112553,6
MLP,standard,differential,smote,0.7212294372294372,1.0,0.9045108535113652,0.09631926390107354,0.2787705627705628,6
MLP,standard,mutual_info,smote,0.7171341991341992,1.0,0.8974234901216999,0.10015571179697638,0.2828658008658008,6
LogisticRegression,standard,mutual_info,undersample,0.7165367965367965,1.0,0.8836604508777716,0.09731648830116851,0.28346320346320353,6
LogisticRegression,standard,variance,smote,0.716025974025974,1.0,0.881666296689954,0.0967333964630702,0.283974025974026,6
LogisticRegression,standard,f_classif,undersample,0.7132987012987013,1.0,0.8835359580521324,0.09682913045750169,0.2867012987012987,6
LogisticRegression,robust,none,none,0.7127965367965368,1.0,0.8822988403327278,0.09513608564727816,0.28720346320346324,6
MLP,robust,differential,smote,0.7103549783549783,1.0,0.8842041513473738,0.10162056770423832,0.2896450216450217,6
LogisticRegression,robust,variance,none,0.7101991341991342,1.0,0.875653048131018,0.10156040585739162,0.28980086580086584,6
LogisticRegression,standard,none,smote,0.7092987012987013,1.0,0.8705825801081555,0.10433967034172226,0.2907012987012987,6
MLP,robust,variance,smote,0.7083636363636363,1.0,0.8695721928894388,0.11216555036377208,0.2916363636363637,6
LogisticRegression,standard,mutual_info,none,0.7067532467532468,1.0,0.8797624716147734,0.10044331056661673,0.2932467532467532,6
MLP,standard,mutual_info,none,0.7063376623376623,1.0,0.8911392775312214,0.10447367450905864,0.29366233766233774,6
LogisticRegression,none,f_classif,none,0.7052121212121213,1.0,0.8764946371474505,0.11253074289363646,0.2947878787878787,6
MLP,robust,random_forest,undersample,0.704969696969697,1.0,0.8794518254860217,0.10191374952421813,0.295030303030303,6
LogisticRegression,robust,variance,smote,0.7048831168831169,1.0,0.8755094097956344,0.10429811588381499,0.2951168831168831,6
LogisticRegression,robust,none,smote,0.7044502164502164,1.0,0.8780928271785049,0.09804005449040444,0.29554978354978356,6
LogisticRegression,none,f_classif,smote,0.7040346320346321,1.0,0.8765373733257364,0.11288140727158137,0.2959653679653679,6
LogisticRegression,robust,mutual_info,undersample,0.7002424242424242,1.0,0.8841943861383053,0.10458418483892505,0.2997575757575758,6
MLP,robust,f_classif,smote,0.7001904761904763,1.0,0.8888452025099084,0.0955608531065853,0.29980952380952375,6
LogisticRegression,robust,f_classif,none,0.6994458874458875,1.0,0.8954472613916348,0.10168452032702634,0.30055411255411246,6
LogisticRegression,robust,differential,smote,0.6986320346320347,1.0,0.8886067371815454,0.10529136126981742,0.3013679653679653,6
LogisticRegression,robust,f_classif,smote,0.6981125541125541,1.0,0.8929409654000446,0.10301886458584289,0.30188744588744587,6
LogisticRegression,none,f_classif,undersample,0.6976103896103897,1.0,0.8755028200131781,0.1145422373265845,0.3023896103896103,6
LogisticRegression,log,differential,smote,0.6953593073593073,1.0,0.869011845307815,0.11246945747366166,0.3046406926406927,6
LogisticRegression,none,differential,smote,0.6953593073593073,1.0,0.866133050524355,0.11351733296815927,0.3046406926406927,6
MLP,robust,random_forest,smote,0.6946493506493507,1.0,0.8845557835883923,0.10617253306451874,0.30535064935064926,6
MLP,robust,f_classif,undersample,0.693974025974026,1.0,0.8918003492812957,0.10564896098070303,0.306025974025974,6
MLP,standard,mutual_info,undersample,0.6901125541125541,1.0,0.8823410352186479,0.11037841793840904,0.3098874458874459,6
MLP,robust,mutual_info,none,0.6898874458874458,1.0,0.8817873079605817,0.11466831912274907,0.31011255411255423,6
MLP,robust,mutual_info,smote,0.6886926406926408,1.0,0.8817417428612419,0.11830786527032718,0.3113073593073592,6
LogisticRegression,log,f_classif,none,0.6886233766233766,1.0,0.8605113267664418,0.11934468641917377,0.3113766233766234,6
MLP,standard,variance,smote,0.6884329004329005,1.0,0.8751888627144381,0.10753890178870529,0.3115670995670995,6
LogisticRegression,log,differential,none,0.6845367965367966,1.0,0.8677965708630669,0.11601376732823622,0.31546320346320345,6
LogisticRegression,none,differential,none,0.6845367965367966,1.0,0.8684680497110165,0.11568027265534586,0.31546320346320345,6
MLP,standard,variance,undersample,0.6841904761904762,1.0,0.8713513078033274,0.10815719606966481,0.31580952380952376,6
MLP,robust,differential,undersample,0.6832727272727273,1.0,0.8862295831361577,0.10768811134745356,0.31672727272727275,6
LogisticRegression,log,differential,undersample,0.681021645021645,1.0,0.8655177671859257,0.11678308464762398,0.318978354978355,6
LogisticRegression,none,differential,undersample,0.681021645021645,1.0,0.8624177290863947,0.11729443873934352,0.318978354978355,6
LogisticRegression,log,random_forest,smote,0.6807965367965367,1.0,0.8514628424999269,0.11940659131562563,0.31920346320346327,6
LogisticRegression,none,random_forest,smote,0.6807965367965367,1.0,0.849149476127737,0.12443727147710229,0.31920346320346327,6
MLP,standard,none,none,0.6807186147186147,1.0,0.866873644321369,0.10822624758971257,0.3192813852813853,6
MLP,robust,variance,none,0.6791688311688312,1.0,0.860790720360537,0.11944192230428471,0.3208311688311688,6
MLP,robust,f_classif,none,0.6781298701298702,1.0,0.8808055278381586,0.11247671475677821,0.32187012987012975,6
LogisticRegression,robust,f_classif,undersample,0.678060606060606,1.0,0.8928580847115374,0.10784936858693554,0.32193939393939397,6
LogisticRegression,robust,differential,none,0.6766060606060607,1.0,0.8846963179616633,0.11302108461323933,0.32339393939393934,6
LogisticRegression,log,f_classif,smote,0.6761558441558442,1.0,0.8602819347461291,0.12176312585616075,0.3238441558441558,6
MLP,robust,random_forest,none,0.6729004329004329,1.0,0.8857572023236324,0.11171899776303157,0.3270995670995671,6
LogisticRegression,log,mutual_info,smote,0.6724502164502164,1.0,0.8620857988478811,0.12704890194618623,0.3275497835497836,6
LogisticRegression,standard,variance,undersample,0.670060606060606,1.0,0.862008548018959,0.10935038520300332,0.329939393939394,6
LogisticRegression,robust,variance,undersample,0.6687445887445886,1.0,0.8656731172917521,0.11046170747068712,0.33125541125541136,6
LogisticRegression,robust,differential,undersample,0.6687099567099567,1.0,0.880506690543193,0.11396641523731493,0.3312900432900433,6
LogisticRegression,robust,none,undersample,0.6675670995670996,1.0,0.8722093328692323,0.11099690805626945,0.3324329004329004,6
MLP,standard,variance,none,0.6673419913419913,1.0,0.8687012515527641,0.11345640906169899,0.33265800865800865,6
LogisticRegression,log,f_classif,undersample,0.665004329004329,1.0,0.8576481923873228,0.12482087546556406,0.33499567099567096,6
LogisticRegression,none,none,smote,0.653160173160173,1.0,0.8438210864157156,0.1304572263302866,0.34683982683982695,6
LogisticRegression,none,variance,smote,0.653160173160173,1.0,0.8395945339320637,0.1313946817696746,0.34683982683982695,6
LogisticRegression,log,variance,smote,0.653160173160173,1.0,0.8275196607172312,0.13841214773214736,0.34683982683982695,6
LogisticRegression,log,none,smote,0.653160173160173,1.0,0.8446037453089222,0.13081181390564517,0.34683982683982695,6
MLP,robust,mutual_info,undersample,0.6515844155844155,1.0,0.87700872135821,0.12255827761375236,0.3484155844155845,6
LogisticRegression,none,mutual_info,none,0.6507878787878788,1.0,0.8524856800630457,0.13657217325198243,0.3492121212121212,6
MLP,none,differential,undersample,0.6482943722943724,0.9776370005473456,0.7820279761221555,0.12257203888189323,0.3293426282529732,6
MLP,log,differential,undersample,0.6482943722943724,0.98471943076081,0.7927357818616043,0.1376939992232325,0.33642505846643767,6
LogisticRegression,log,mutual_info,none,0.6455584415584414,1.0,0.855202224550624,0.1322020374437494,0.35444155844155856,6
MLP,robust,differential,none,0.6403463203463204,1.0,0.8803386262279463,0.12229319825991498,0.35965367965367956,6
MLP,robust,variance,undersample,0.6330562770562771,0.95,0.8652084577668006,0.11024005865033039,0.31694372294372286,6
LogisticRegression,log,none,none,0.6313073593073593,1.0,0.8386725319499594,0.13679383746261684,0.36869264069264074,6
LogisticRegression,none,none,none,0.6313073593073593,1.0,0.8421514995022027,0.1359027033091316,0.36869264069264074,6
LogisticRegression,log,variance,none,0.6313073593073593,1.0,0.8269283280657961,0.14294876887774058,0.36869264069264074,6
LogisticRegression,none,variance,none,0.6313073593073593,1.0,0.837719911041456,0.13533143666754416,0.36869264069264074,6
MLP,standard,none,undersample,0.6280346320346321,1.0,0.8642134657922912,0.12445584668263411,0.37196536796536794,6
LogisticRegression,none,mutual_info,smote,0.6263376623376623,1.0,0.8433221175670025,0.14295831551344118,0.3736623376623377,6
MLP,robust,none,none,0.6253506493506493,1.0,0.8592014286876267,0.12465369915101177,0.3746493506493507,6
LogisticRegression,log,random_forest,none,0.6212467532467534,0.9996190476190476,0.8436995901938357,0.13413655441078673,0.37837229437229425,6
LogisticRegression,none,random_forest,none,0.6212467532467534,1.0,0.8401582377554244,0.13846444306686184,0.3787532467532466,6
LogisticRegression,log,mutual_info,undersample,0.621004329004329,1.0,0.8434408023269255,0.1398668408314622,0.378995670995671,6
MLP,robust,none,smote,0.620969696969697,1.0,0.8679728045469733,0.12749686537356858,0.37903030303030305,6
LogisticRegression,log,random_forest,undersample,0.62008658008658,1.0,0.8415977075638201,0.14099931022164297,0.37991341991342,6
LogisticRegression,none,random_forest,undersample,0.62008658008658,1.0,0.836244048151337,0.14057071769978216,0.37991341991342,6
LogisticRegression,standard,none,undersample,0.6173593073593074,1.0,0.8559391486469977,0.12629878610966716,0.38264069264069256,6
LogisticRegression,none,variance,undersample,0.6164848484848485,1.0,0.8287899940221397,0.1396276293110654,0.3835151515151515,6
LogisticRegression,none,none,undersample,0.6164848484848485,1.0,0.8249500320721372,0.14122273371697192,0.3835151515151515,6
LogisticRegression,log,variance,undersample,0.6164848484848485,1.0,0.8210288061753536,0.14648086415159847,0.3835151515151515,6
LogisticRegression,log,none,undersample,0.6164848484848485,1.0,0.8360555891962541,0.14165975735503042,0.3835151515151515,6
LogisticRegression,none,mutual_info,undersample,0.6156363636363636,0.990391242474001,0.8377392458847526,0.1414127981946651,0.37475487883763736,6
MLP,log,f_classif,undersample,0.6115497835497836,0.95,0.8118557679763606,0.12156448009695106,0.33845021645021633,6
MLP,none,f_classif,undersample,0.5907186147186148,0.956135741652983,0.7734632957528275,0.13583396386442473,0.36541712693436823,6
MLP,none,differential,none,0.58,0.9654857142857144,0.7863291021425294,0.13818327957262097,0.38548571428571443,6
MLP,none,f_classif,none,0.5790822510822512,0.9643809523809524,0.7853835547799743,0.12990879129419175,0.38529870129870125,6
MLP,log,differential,none,0.5787012987012987,0.990888669950739,0.787757237045715,0.14199836661557644,0.41218737124944027,6
MLP,none,mutual_info,none,0.5727272727272728,0.9603623426382046,0.7719924129142424,0.1334369869306444,0.3876350699109319,6
MLP,none,f_classif,smote,0.571099567099567,0.9864608648056924,0.7772346887996195,0.15187776815515,0.4153612977061254,6
MLP,none,random_forest,none,0.5686753246753248,0.9643809523809524,0.7717865895471395,0.12769820270519702,0.39570562770562767,6
MLP,log,random_forest,none,0.5686753246753248,0.996183908045977,0.7725386281609934,0.14260255216752382,0.42750858337065223,6
MLP,log,random_forest,smote,0.5627012987012987,0.9982835249042143,0.786429843996208,0.15945222264288958,0.43558222620291565,6
MLP,none,random_forest,smote,0.5627012987012987,0.9886344827586206,0.780193088103164,0.1599869267965196,0.42593318405732195,6
MLP,log,f_classif,none,0.5584848484848484,0.9967619047619048,0.7653528073233956,0.15079852805298827,0.4382770562770565,6
MLP,none,variance,smote,0.5584242424242424,0.9525582922824304,0.7726157822319961,0.15267988519361433,0.394134049858188,6
MLP,log,variance,smote,0.5584242424242424,0.997137383689108,0.7386554849978654,0.1528514078949941,0.4387131412648656,6
SVM_RBF,robust,random_forest,none,0.5574891774891776,0.998816858237548,0.7320965881784253,0.15681348101065753,0.44132768074837037,6
MLP,log,mutual_info,undersample,0.5560865800865801,1.0,0.788400211497191,0.16705963918168795,0.4439134199134199,6
MLP,none,none,undersample,0.5554112554112555,0.9375,0.7126916613728943,0.1294683350263679,0.38208874458874453,6
MLP,log,none,undersample,0.5554112554112555,0.8513379310344827,0.7123289717523954,0.10735291140857274,0.2959266756232273,6
MLP,log,differential,smote,0.5471861471861471,0.9980919540229884,0.7911179829592166,0.16547919261675892,0.45090580683684134,6
MLP,none,differential,smote,0.5471861471861471,0.9809184455391352,0.777326872822265,0.15664907996916874,0.4337322983529881,6
MLP,log,random_forest,undersample,0.5415930735930735,0.9945882868089764,0.802066205744718,0.15359699366868687,0.45299521321590286,6
MLP,none,random_forest,undersample,0.5415930735930735,0.9873142857142858,0.7726330326110378,0.1466650833486646,0.4457212121212123,6
MLP,log,variance,undersample,0.5382510822510822,0.9612886699507388,0.7550717751220176,0.13977952260495882,0.4230375876996566,6
MLP,none,variance,undersample,0.5382510822510822,0.9875,0.7655307845259561,0.13773047470581035,0.44924891774891784,6
MLP,log,f_classif,smote,0.5378354978354979,0.998856048166393,0.7829532945945329,0.17772065926477987,0.46102055033089506,6
MLP,log,mutual_info,smote,0.5369523809523811,0.9988505747126436,0.7702475312925309,0.16322723261804006,0.46189819376026253,6
SVM_RBF,robust,random_forest,undersample,0.5314685314685315,0.9955395730706076,0.7265667337253588,0.17980020041064856,0.46407104160207613,6
MLP,log,mutual_info,none,0.5313593073593074,0.990831964969896,0.7486048350348993,0.17112343290136192,0.45947265761058864,6
SVM_RBF,robust,random_forest,smote,0.5223776223776224,1.0,0.7455813290556215,0.20576915752477257,0.4776223776223776,6
MLP,none,none,none,0.5182337662337663,0.9125,0.7246394864584124,0.12189694460628316,0.3942662337662337,6
MLP,log,none,none,0.5182337662337663,0.8144855144855144,0.6913201660335138,0.09411342533782009,0.29625174825174816,6
MLP,log,variance,none,0.5182337662337662,0.9882513409961684,0.767822066298506,0.15285509586239476,0.47001757476240225,6
MLP,none,variance,none,0.5182337662337662,0.95,0.7403666251240993,0.12732558402142757,0.4317662337662338,6
MLP,none,none,smote,0.5152900432900432,0.9125,0.7486454285491678,0.14457133229924524,0.39720995670995674,6
MLP,log,none,smote,0.5152900432900432,0.9967586206896552,0.7380650028333465,0.15870051470839858,0.4814685773996119,6
MLP,none,mutual_info,smote,0.5029437229437229,0.997809523809524,0.7612609878754379,0.1770390491848254,0.4948658008658011,6
MLP,none,mutual_info,undersample,0.496917748917749,0.9530375478927204,0.7606249771075527,0.15200741133440168,0.45611979897497146,6
SVM_RBF,robust,variance,smote,0.4937062937062936,1.0,0.7064930935916603,0.2153051572274568,0.5062937062937064,6
SVM_RBF,robust,variance,undersample,0.4904347826086956,0.9436545155993432,0.6890638863189706,0.19432439143392835,0.4532197329906476,6
SVM_RBF,robust,none,undersample,0.4878260869565217,0.963791680350301,0.6376835130189439,0.18634579411062296,0.47596559339377936,6
SVM_RBF,robust,none,smote,0.4642857142857142,0.9780262725779968,0.6463456539271647,0.19226591429820997,0.5137405582922826,6
SVM_RBF,robust,variance,none,0.4580919080919081,0.97003842364532,0.6949375212748173,0.2201526986031767,0.511946515553412,6
SVM_RBF,robust,none,none,0.4375,0.9862605363984672,0.620366194164545,0.2145002087719613,0.5487605363984672,6
SVM_RBF,robust,differential,smote,0.4125,0.9980168582375478,0.6797388246149071,0.19148498709496553,0.5855168582375478,6
SVM_RBF,robust,differential,undersample,0.4125,0.9950443349753696,0.6724409157098988,0.1926151640470326,0.5825443349753696,6
SVM_RBF,robust,differential,none,0.4125,0.9980168582375478,0.6467010138181449,0.20383258136543145,0.5855168582375478,6
SVM_RBF,standard,random_forest,smote,0.4,0.9967487684729064,0.7822152027035395,0.21031336743937457,0.5967487684729064,6
SVM_RBF,standard,random_forest,undersample,0.4,0.9944707170224412,0.7842965261107734,0.20312647150487675,0.5944707170224411,6
SVM_RBF,standard,random_forest,none,0.4,0.996943623426382,0.7918837813436103,0.2019191724174144,0.596943623426382,6
SVM_RBF,none,random_forest,undersample,0.3067562582345191,0.5,0.45262676453980805,0.07320976169391111,0.19324374176548093,6
SVM_RBF,log,random_forest,undersample,0.3067562582345191,0.9994274767378216,0.5685726964345229,0.24650923499823252,0.6926712185033026,6
SVM_RBF,none,mutual_info,undersample,0.3059565217391304,0.5,0.4589148315452663,0.07103727544639866,0.1940434782608696,6
SVM_RBF,none,differential,undersample,0.3009591567852437,0.5,0.44360863291298075,0.08159236068527202,0.1990408432147563,6
SVM_RBF,none,variance,undersample,0.2994683794466403,0.5,0.45203260869565215,0.07530409019005313,0.2005316205533597,6
SVM_RBF,log,variance,undersample,0.2992872200263504,0.9982476190476192,0.5697659075224293,0.2456700900440582,0.6989603990212687,6
SVM_RBF,none,none,undersample,0.2960540184453227,0.5,0.45126152832674576,0.0765625017849466,0.2039459815546773,6
SVM_RBF,none,mutual_info,none,0.2946877470355731,0.6068931068931069,0.4857670831583875,0.09357115405467133,0.31220535985753384,6
SVM_RBF,none,variance,none,0.2938537549407115,0.5,0.43761143445926054,0.07896559591715051,0.20614624505928852,6
SVM_RBF,none,random_forest,none,0.2920698287220026,0.5,0.4219035240122197,0.08822449676127317,0.2079301712779974,6
SVM_RBF,log,random_forest,none,0.2920698287220026,0.999616858237548,0.5424786359260739,0.26971330517995784,0.7075470295155454,6
SVM_RBF,none,f_classif,undersample,0.2918241106719367,0.5,0.449517582658887,0.07854719399627376,0.2081758893280633,6
SVM_RBF,none,none,none,0.2917061923583662,0.5,0.4367181538268494,0.08007526083501774,0.2082938076416338,6
SVM_RBF,none,differential,none,0.291494071146245,0.5823176823176823,0.49175361836231407,0.09637368571268062,0.29082361117143735,6
SVM_RBF,none,f_classif,none,0.290790513833992,0.5491948051948052,0.46688733006124306,0.08276950284197708,0.2584042913608132,6
SVM_RBF,log,random_forest,smote,0.2881118881118881,0.999616858237548,0.5475916082762585,0.2657202993412068,0.7115049701256599,6
SVM_RBF,none,random_forest,smote,0.2881118881118881,0.5,0.430683997162258,0.09805402237375054,0.2118881118881119,6
SVM_RBF,none,differential,smote,0.2867132867132867,0.5,0.42933210026688284,0.09994224739199425,0.21328671328671328,6
SVM_RBF,none,variance,smote,0.286699604743083,0.5,0.4296014492753623,0.09956600090429424,0.21330039525691702,6
SVM_RBF,none,none,smote,0.2849156785243741,0.5,0.42883792777271035,0.10064259714624445,0.2150843214756259,6
SVM_RBF,none,f_classif,smote,0.2808498023715415,0.5,0.42792718151413806,0.10194041086035263,0.2191501976284585,6
SVM_RBF,none,mutual_info,smote,0.2531468531468531,0.5,0.424479020979021,0.10744332187569665,0.2468531468531469,6
SVM_RBF,log,f_classif,undersample,0.2125,0.9990476190476192,0.5501723657842584,0.27595655676665953,0.7865476190476192,6
SVM_RBF,standard,differential,none,0.20625,0.9979787629994524,0.7541246668701227,0.26509530634739614,0.7917287629994525,6
SVM_RBF,standard,differential,smote,0.20625,0.9962666666666667,0.7368865903278308,0.264483040362736,0.7900166666666668,6
SVM_RBF,robust,mutual_info,undersample,0.20625,0.9950443349753696,0.656122178855676,0.23479630954959055,0.7887943349753697,6
SVM_RBF,log,mutual_info,none,0.2,0.9996179529282978,0.5415298303066184,0.28949413006142877,0.7996179529282978,6
SVM_RBF,log,mutual_info,smote,0.2,0.9996190476190476,0.5154249532791731,0.2960158417611884,0.7996190476190477,6
SVM_RBF,log,mutual_info,undersample,0.2,0.9990465243568692,0.5461218239906837,0.28027711841954234,0.7990465243568692,6
SVM_RBF,standard,variance,undersample,0.2,0.8612368024132729,0.6313529329189264,0.21308325031576786,0.6612368024132729,6
SVM_RBF,standard,differential,undersample,0.2,0.995351286261631,0.7475216299534053,0.2599728765066626,0.795351286261631,6
SVM_RBF,robust,mutual_info,none,0.2,0.9988549534756432,0.6493875854590644,0.24150105395835963,0.7988549534756433,6
SVM_RBF,robust,mutual_info,smote,0.2,0.9980549534756432,0.6898116486933579,0.2421466691714335,0.7980549534756431,6
SVM_RBF,standard,mutual_info,undersample,0.2,0.995728954570334,0.7380229574737159,0.2634254601641945,0.7957289545703339,6
SVM_RBF,standard,mutual_info,smote,0.2,0.9960718117131911,0.7349595090011881,0.2577400047803763,0.7960718117131911,6
SVM_RBF,standard,mutual_info,none,0.2,0.9981714285714286,0.747087968553186,0.2667148768733024,0.7981714285714285,6
SVM_RBF,log,variance,smote,0.19375,0.9993893814997262,0.4978287748758315,0.28267139518915224,0.8056393814997262,6
SVM_RBF,standard,f_classif,none,0.1125,0.9969414340448824,0.7017369442772035,0.2806855279191269,0.8844414340448824,6
SVM_RBF,standard,f_classif,smote,0.1125,0.995408866995074,0.7063703339266881,0.282227652698521,0.882908866995074,6
SVM_RBF,log,variance,none,0.08125,0.9992380952380951,0.49726120543991376,0.3062578472011161,0.9179880952380951,6
SVM_RBF,standard,f_classif,undersample,0.075,0.9897795292829776,0.6898853414611508,0.29093299240951354,0.9147795292829777,6
SVM_RBF,standard,variance,none,0.0375,0.995424192665572,0.6752272009142765,0.3062216827447651,0.957924192665572,6
SVM_RBF,standard,variance,smote,0.0375,0.9943150519978108,0.6872751867412815,0.311955998287,0.9568150519978108,6
SVM_RBF,standard,none,undersample,0.025,0.7996201423097975,0.5922080043225206,0.27972581672798186,0.7746201423097975,6
SVM_RBF,standard,none,smote,0.025,0.9971319102353584,0.6764654916604824,0.31558416832536756,0.9721319102353584,6
SVM_RBF,standard,none,none,0.025,0.995216201423098,0.6644721164560877,0.3178560479598753,0.970216201423098,6
SVM_RBF,log,f_classif,none,0.0125,1.0,0.5846173429440693,0.33187530252538505,0.9875,6
SVM_RBF,log,f_classif,smote,0.0125,1.0,0.4956630737832784,0.3360650561652794,0.9875,6
SVM_RBF,log,differential,none,0.0,0.999809523809524,0.5450301245358791,0.3283165840141778,0.999809523809524,6
SVM_RBF,log,differential,smote,0.0,1.0,0.4826643297026929,0.33914551622751354,1.0,6
SVM_RBF,log,differential,undersample,0.0,1.0,0.4973936953214447,0.33258712162497484,1.0,6
SVM_RBF,robust,f_classif,undersample,0.0,0.9924700602079912,0.5920674558468808,0.3146646586927105,0.9924700602079912,6
SVM_RBF,robust,f_classif,smote,0.0,0.9938850574712644,0.6495533030604245,0.31731034334554664,0.9938850574712644,6
SVM_RBF,robust,f_classif,none,0.0,0.993049151614669,0.5964410584440922,0.3117169309251483,0.993049151614669,6
SVM_RBF,log,none,undersample,0.0,0.9984750957854406,0.5063577821217824,0.3312452677450559,0.9984750957854406,6
SVM_RBF,log,none,smote,0.0,0.999007334428024,0.4754390747625998,0.33298719417057454,0.999007334428024,6
SVM_RBF,log,none,none,0.0,0.9992359058565954,0.47875080983060075,0.3222359215383799,0.9992359058565954,6
